{
    "m_Version": 12,
    "DisplayName": "MMG CAMO 64",
    "Icon": "Deliver",
    "Color": "FBFCFEFF",
    "IsExchange": 0,
    "InitStockPercent": 100.0,
    "Items": [
        {
            "ClassName": "BRTX_HeavyVest_Camo64",
            "MaxPriceThreshold": 8000,
            "MinPriceThreshold": 8000,
            "SellPricePercent": 50,
            "MaxStockThreshold": 1,
            "MinStockThreshold": 1,
            "QuantityPercent": -1,
            "SpawnAttachments": [],
            "Variants": []
        },
		{
            "ClassName": "BRTX_HeavyVest_Rip4",
            "MaxPriceThreshold": 8000,
            "MinPriceThreshold": 8000,
            "SellPricePercent": 50,
            "MaxStockThreshold": 1,
            "MinStockThreshold": 1,
            "QuantityPercent": -1,
            "SpawnAttachments": [],
            "Variants": []
        },
        {
            "ClassName": "BRTX_supplybag_Camo64",
            "MaxPriceThreshold": 8000,
            "MinPriceThreshold": 8000,
            "SellPricePercent": 50,
            "MaxStockThreshold": 1,
            "MinStockThreshold": 1,
            "QuantityPercent": -1,
            "SpawnAttachments": [],
            "Variants": []
        },
        {
            "ClassName": "BRTX_carrier_backpack_Camo64",
            "MaxPriceThreshold": 8000,
            "MinPriceThreshold": 8000,
            "SellPricePercent": 50,
            "MaxStockThreshold": 1,
            "MinStockThreshold": 1,
            "QuantityPercent": -1,
            "SpawnAttachments": [],
            "Variants": []
        },
        {
            "ClassName": "BRTX_striker_helmet_Camo64",
            "MaxPriceThreshold": 8000,
            "MinPriceThreshold": 8000,
            "SellPricePercent": 50,
            "MaxStockThreshold": 1,
            "MinStockThreshold": 1,
            "QuantityPercent": -1,
            "SpawnAttachments": [],
            "Variants": []
        },
        {
            "ClassName": "BRTX_striker_helmet_Camo64A",
            "MaxPriceThreshold": 8000,
            "MinPriceThreshold": 8000,
            "SellPricePercent": 50,
            "MaxStockThreshold": 1,
            "MinStockThreshold": 1,
            "QuantityPercent": -1,
            "SpawnAttachments": [],
            "Variants": []
        },
        {
            "ClassName": "BRTX_striker_helmet_Camo64B",
            "MaxPriceThreshold": 8000,
            "MinPriceThreshold": 8000,
            "SellPricePercent": 50,
            "MaxStockThreshold": 1,
            "MinStockThreshold": 1,
            "QuantityPercent": -1,
            "SpawnAttachments": [],
            "Variants": []
        },
        {
            "ClassName": "BRTX_NVGs_Camo64",
            "MaxPriceThreshold": 8000,
            "MinPriceThreshold": 8000,
            "SellPricePercent": 50,
            "MaxStockThreshold": 1,
            "MinStockThreshold": 1,
            "QuantityPercent": -1,
            "SpawnAttachments": [],
            "Variants": []
        },
        {
            "ClassName": "BRTX_CargoBelt_Camo64",
            "MaxPriceThreshold": 8000,
            "MinPriceThreshold": 8000,
            "SellPricePercent": 50,
            "MaxStockThreshold": 1,
            "MinStockThreshold": 1,
            "QuantityPercent": -1,
            "SpawnAttachments": [],
            "Variants": []
        },
        {
            "ClassName": "BRTX_AmmoPouch_Camo64",
            "MaxPriceThreshold": 8000,
            "MinPriceThreshold": 8000,
            "SellPricePercent": 50,
            "MaxStockThreshold": 1,
            "MinStockThreshold": 1,
            "QuantityPercent": -1,
            "SpawnAttachments": [],
            "Variants": []
        },
        {
            "ClassName": "BRTX_MedPouch_Camo64",
            "MaxPriceThreshold": 8000,
            "MinPriceThreshold": 8000,
            "SellPricePercent": 50,
            "MaxStockThreshold": 1,
            "MinStockThreshold": 1,
            "QuantityPercent": -1,
            "SpawnAttachments": [],
            "Variants": []
        },
        {
            "ClassName": "BRTX_Sheath_Camo64",
            "MaxPriceThreshold": 8000,
            "MinPriceThreshold": 8000,
            "SellPricePercent": 50,
            "MaxStockThreshold": 1,
            "MinStockThreshold": 1,
            "QuantityPercent": -1,
            "SpawnAttachments": [],
            "Variants": []
        }
    ]
}