{
    "m_Version": 12,
    "DisplayName": "MMG CAMO 264",
    "Icon": "Deliver",
    "Color": "FBFCFEFF",
    "IsExchange": 0,
    "InitStockPercent": 100.0,
    "Items": [
        {
            "ClassName": "BRTX_HeavyVest_Camo264",
            "MaxPriceThreshold": 8000,
            "MinPriceThreshold": 8000,
            "SellPricePercent": 50,
            "MaxStockThreshold": 1,
            "MinStockThreshold": 1,
            "QuantityPercent": -1,
            "SpawnAttachments": [],
            "Variants": []
        },
        {
            "ClassName": "BRTX_combatpants_Camo264",
            "MaxPriceThreshold": 8000,
            "MinPriceThreshold": 8000,
            "SellPricePercent": 50,
            "MaxStockThreshold": 1,
            "MinStockThreshold": 1,
            "QuantityPercent": -1,
            "SpawnAttachments": [],
            "Variants": []
        },
        {
            "ClassName": "BRTX_combatpants_Camo264A",
            "MaxPriceThreshold": 8000,
            "MinPriceThreshold": 8000,
            "SellPricePercent": 50,
            "MaxStockThreshold": 1,
            "MinStockThreshold": 1,
            "QuantityPercent": -1,
            "SpawnAttachments": [],
            "Variants": []
        },
        {
            "ClassName": "BRTX_Operatorshirt_Camo264",
            "MaxPriceThreshold": 8000,
            "MinPriceThreshold": 8000,
            "SellPricePercent": 50,
            "MaxStockThreshold": 1,
            "MinStockThreshold": 1,
            "QuantityPercent": -1,
            "SpawnAttachments": [],
            "Variants": []
        },
        {
            "ClassName": "BRTX_Operatorshirt_Camo264A",
            "MaxPriceThreshold": 8000,
            "MinPriceThreshold": 8000,
            "SellPricePercent": 50,
            "MaxStockThreshold": 1,
            "MinStockThreshold": 1,
            "QuantityPercent": -1,
            "SpawnAttachments": [],
            "Variants": []
        },
        {
            "ClassName": "BRTX_supplybag_Camo264",
            "MaxPriceThreshold": 8000,
            "MinPriceThreshold": 8000,
            "SellPricePercent": 50,
            "MaxStockThreshold": 1,
            "MinStockThreshold": 1,
            "QuantityPercent": -1,
            "SpawnAttachments": [],
            "Variants": []
        },
        {
            "ClassName": "BRTX_carrier_backpack_Camo264",
            "MaxPriceThreshold": 8000,
            "MinPriceThreshold": 8000,
            "SellPricePercent": 50,
            "MaxStockThreshold": 1,
            "MinStockThreshold": 1,
            "QuantityPercent": -1,
            "SpawnAttachments": [],
            "Variants": []
        },
        {
            "ClassName": "BRTX_striker_helmet_Camo264",
            "MaxPriceThreshold": 8000,
            "MinPriceThreshold": 8000,
            "SellPricePercent": 50,
            "MaxStockThreshold": 1,
            "MinStockThreshold": 1,
            "QuantityPercent": -1,
            "SpawnAttachments": [],
            "Variants": []
        },
        {
            "ClassName": "BRTX_striker_helmet_Camo264B",
            "MaxPriceThreshold": 8000,
            "MinPriceThreshold": 8000,
            "SellPricePercent": 50,
            "MaxStockThreshold": 1,
            "MinStockThreshold": 1,
            "QuantityPercent": -1,
            "SpawnAttachments": [],
            "Variants": []
        },
        {
            "ClassName": "BRTX_NVGs_Camo264",
            "MaxPriceThreshold": 8000,
            "MinPriceThreshold": 8000,
            "SellPricePercent": 50,
            "MaxStockThreshold": 1,
            "MinStockThreshold": 1,
            "QuantityPercent": -1,
            "SpawnAttachments": [],
            "Variants": []
        },
        {
            "ClassName": "BRTX_CargoBelt_Camo264",
            "MaxPriceThreshold": 8000,
            "MinPriceThreshold": 8000,
            "SellPricePercent": 50,
            "MaxStockThreshold": 1,
            "MinStockThreshold": 1,
            "QuantityPercent": -1,
            "SpawnAttachments": [],
            "Variants": []
        },
        {
            "ClassName": "BRTX_AmmoPouch_Camo264",
            "MaxPriceThreshold": 8000,
            "MinPriceThreshold": 8000,
            "SellPricePercent": 50,
            "MaxStockThreshold": 1,
            "MinStockThreshold": 1,
            "QuantityPercent": -1,
            "SpawnAttachments": [],
            "Variants": []
        },
        {
            "ClassName": "BRTX_MedPouch_Camo264",
            "MaxPriceThreshold": 8000,
            "MinPriceThreshold": 8000,
            "SellPricePercent": 50,
            "MaxStockThreshold": 1,
            "MinStockThreshold": 1,
            "QuantityPercent": -1,
            "SpawnAttachments": [],
            "Variants": []
        },
        {
            "ClassName": "BRTX_Sheath_Camo264",
            "MaxPriceThreshold": 8000,
            "MinPriceThreshold": 8000,
            "SellPricePercent": 50,
            "MaxStockThreshold": 1,
            "MinStockThreshold": 1,
            "QuantityPercent": -1,
            "SpawnAttachments": [],
            "Variants": []
        }
    ]
}