{
    "m_Version": 12,
    "DisplayName": "MMG CAMO 210",
    "Icon": "Deliver",
    "Color": "FBFCFEFF",
    "IsExchange": 0,
    "InitStockPercent": 100.0,
    "Items": [
        {
            "ClassName": "BRTX_HeavyVest_Camo210",
            "MaxPriceThreshold": 8000,
            "MinPriceThreshold": 8000,
            "SellPricePercent": 50,
            "MaxStockThreshold": 1,
            "MinStockThreshold": 1,
            "QuantityPercent": -1,
            "SpawnAttachments": [],
            "Variants": []
        },
        {
            "ClassName": "BRTX_supplybag_Camo210",
            "MaxPriceThreshold": 8000,
            "MinPriceThreshold": 8000,
            "SellPricePercent": 50,
            "MaxStockThreshold": 1,
            "MinStockThreshold": 1,
            "QuantityPercent": -1,
            "SpawnAttachments": [],
            "Variants": []
        },
        {
            "ClassName": "BRTX_carrier_backpack_Camo210",
            "MaxPriceThreshold": 8000,
            "MinPriceThreshold": 8000,
            "SellPricePercent": 50,
            "MaxStockThreshold": 1,
            "MinStockThreshold": 1,
            "QuantityPercent": -1,
            "SpawnAttachments": [],
            "Variants": []
        },
        {
            "ClassName": "BRTX_striker_helmet_Camo210",
            "MaxPriceThreshold": 8000,
            "MinPriceThreshold": 8000,
            "SellPricePercent": 50,
            "MaxStockThreshold": 1,
            "MinStockThreshold": 1,
            "QuantityPercent": -1,
            "SpawnAttachments": [],
            "Variants": []
        },
        {
            "ClassName": "BRTX_striker_helmet_Camo210A",
            "MaxPriceThreshold": 8000,
            "MinPriceThreshold": 8000,
            "SellPricePercent": 50,
            "MaxStockThreshold": 1,
            "MinStockThreshold": 1,
            "QuantityPercent": -1,
            "SpawnAttachments": [],
            "Variants": []
        },
        {
            "ClassName": "BRTX_striker_helmet_Camo210A1",
            "MaxPriceThreshold": 8000,
            "MinPriceThreshold": 8000,
            "SellPricePercent": 50,
            "MaxStockThreshold": 1,
            "MinStockThreshold": 1,
            "QuantityPercent": -1,
            "SpawnAttachments": [],
            "Variants": []
        },
        {
            "ClassName": "BRTX_striker_helmet_Camo210B",
            "MaxPriceThreshold": 8000,
            "MinPriceThreshold": 8000,
            "SellPricePercent": 50,
            "MaxStockThreshold": 1,
            "MinStockThreshold": 1,
            "QuantityPercent": -1,
            "SpawnAttachments": [],
            "Variants": []
        },
        {
            "ClassName": "BRTX_NVGs_Camo210",
            "MaxPriceThreshold": 8000,
            "MinPriceThreshold": 8000,
            "SellPricePercent": 50,
            "MaxStockThreshold": 1,
            "MinStockThreshold": 1,
            "QuantityPercent": -1,
            "SpawnAttachments": [],
            "Variants": []
        },
        {
            "ClassName": "BRTX_CargoBelt_Camo210",
            "MaxPriceThreshold": 8000,
            "MinPriceThreshold": 8000,
            "SellPricePercent": 50,
            "MaxStockThreshold": 1,
            "MinStockThreshold": 1,
            "QuantityPercent": -1,
            "SpawnAttachments": [],
            "Variants": []
        },
        {
            "ClassName": "BRTX_AmmoPouch_Camo210",
            "MaxPriceThreshold": 8000,
            "MinPriceThreshold": 8000,
            "SellPricePercent": 50,
            "MaxStockThreshold": 1,
            "MinStockThreshold": 1,
            "QuantityPercent": -1,
            "SpawnAttachments": [],
            "Variants": []
        },
        {
            "ClassName": "BRTX_MedPouch_Camo210",
            "MaxPriceThreshold": 8000,
            "MinPriceThreshold": 8000,
            "SellPricePercent": 50,
            "MaxStockThreshold": 1,
            "MinStockThreshold": 1,
            "QuantityPercent": -1,
            "SpawnAttachments": [],
            "Variants": []
        },
        {
            "ClassName": "BRTX_Sheath_Camo210",
            "MaxPriceThreshold": 8000,
            "MinPriceThreshold": 8000,
            "SellPricePercent": 50,
            "MaxStockThreshold": 1,
            "MinStockThreshold": 1,
            "QuantityPercent": -1,
            "SpawnAttachments": [],
            "Variants": []
        }
    ]
}