{
    "m_Version": 12,
    "DisplayName": "MMG CAMO 109",
    "Icon": "Deliver",
    "Color": "FBFCFEFF",
    "IsExchange": 0,
    "InitStockPercent": 100.0,
    "Items": [
        {
            "ClassName": "BRTX_HeavyVest_Camo109",
            "MaxPriceThreshold": 8000,
            "MinPriceThreshold": 8000,
            "SellPricePercent": 50,
            "MaxStockThreshold": 1,
            "MinStockThreshold": 1,
            "QuantityPercent": -1,
            "SpawnAttachments": [],
            "Variants": []
        },
		{
            "ClassName": "BRTX_HeavyVest_Rip",
            "MaxPriceThreshold": 8000,
            "MinPriceThreshold": 8000,
            "SellPricePercent": 50,
            "MaxStockThreshold": 1,
            "MinStockThreshold": 1,
            "QuantityPercent": -1,
            "SpawnAttachments": [],
            "Variants": []
        },
        {
            "ClassName": "BRTX_HeavyVest_KamikazeGyA",
            "MaxPriceThreshold": 8000,
            "MinPriceThreshold": 8000,
            "SellPricePercent": 50,
            "MaxStockThreshold": 1,
            "MinStockThreshold": 1,
            "QuantityPercent": -1,
            "SpawnAttachments": [],
            "Variants": []
        },
        {
            "ClassName": "BRTX_HeavyVest_XCamo109",
            "MaxPriceThreshold": 8000,
            "MinPriceThreshold": 8000,
            "SellPricePercent": 50,
            "MaxStockThreshold": 1,
            "MinStockThreshold": 1,
            "QuantityPercent": -1,
            "SpawnAttachments": [],
            "Variants": []
        },
        {
            "ClassName": "BRTX_HeavyVest_XCamo109A",
            "MaxPriceThreshold": 8000,
            "MinPriceThreshold": 8000,
            "SellPricePercent": 50,
            "MaxStockThreshold": 1,
            "MinStockThreshold": 1,
            "QuantityPercent": -1,
            "SpawnAttachments": [],
            "Variants": []
        },
        {
            "ClassName": "BRTX_combatpants_Camo109",
            "MaxPriceThreshold": 8000,
            "MinPriceThreshold": 8000,
            "SellPricePercent": 50,
            "MaxStockThreshold": 1,
            "MinStockThreshold": 1,
            "QuantityPercent": -1,
            "SpawnAttachments": [],
            "Variants": []
        },
        {
            "ClassName": "BRTX_combatpants_Camo109A",
            "MaxPriceThreshold": 8000,
            "MinPriceThreshold": 8000,
            "SellPricePercent": 50,
            "MaxStockThreshold": 1,
            "MinStockThreshold": 1,
            "QuantityPercent": -1,
            "SpawnAttachments": [],
            "Variants": []
        },
        {
            "ClassName": "BRTX_Operatorshirt_Camo109",
            "MaxPriceThreshold": 8000,
            "MinPriceThreshold": 8000,
            "SellPricePercent": 50,
            "MaxStockThreshold": 1,
            "MinStockThreshold": 1,
            "QuantityPercent": -1,
            "SpawnAttachments": [],
            "Variants": []
        },
        {
            "ClassName": "BRTX_Operatorshirt_Camo109A",
            "MaxPriceThreshold": 8000,
            "MinPriceThreshold": 8000,
            "SellPricePercent": 50,
            "MaxStockThreshold": 1,
            "MinStockThreshold": 1,
            "QuantityPercent": -1,
            "SpawnAttachments": [],
            "Variants": []
        },
        {
            "ClassName": "BRTX_supplybag_Camo109",
            "MaxPriceThreshold": 8000,
            "MinPriceThreshold": 8000,
            "SellPricePercent": 50,
            "MaxStockThreshold": 1,
            "MinStockThreshold": 1,
            "QuantityPercent": -1,
            "SpawnAttachments": [],
            "Variants": []
        },
        {
            "ClassName": "BRTX_supplybag_Camo109A",
            "MaxPriceThreshold": 8000,
            "MinPriceThreshold": 8000,
            "SellPricePercent": 50,
            "MaxStockThreshold": 1,
            "MinStockThreshold": 1,
            "QuantityPercent": -1,
            "SpawnAttachments": [],
            "Variants": []
        },
        {
            "ClassName": "BRTX_carrier_backpack_Camo109",
            "MaxPriceThreshold": 8000,
            "MinPriceThreshold": 8000,
            "SellPricePercent": 50,
            "MaxStockThreshold": 1,
            "MinStockThreshold": 1,
            "QuantityPercent": -1,
            "SpawnAttachments": [],
            "Variants": []
        },
        {
            "ClassName": "BRTX_carrier_backpack_Camo109A",
            "MaxPriceThreshold": 8000,
            "MinPriceThreshold": 8000,
            "SellPricePercent": 50,
            "MaxStockThreshold": 1,
            "MinStockThreshold": 1,
            "QuantityPercent": -1,
            "SpawnAttachments": [],
            "Variants": []
        },
        {
            "ClassName": "BRTX_striker_helmet_Camo109",
            "MaxPriceThreshold": 8000,
            "MinPriceThreshold": 8000,
            "SellPricePercent": 50,
            "MaxStockThreshold": 1,
            "MinStockThreshold": 1,
            "QuantityPercent": -1,
            "SpawnAttachments": [],
            "Variants": []
        },
        {
            "ClassName": "BRTX_striker_helmet_Camo109B",
            "MaxPriceThreshold": 8000,
            "MinPriceThreshold": 8000,
            "SellPricePercent": 50,
            "MaxStockThreshold": 1,
            "MinStockThreshold": 1,
            "QuantityPercent": -1,
            "SpawnAttachments": [],
            "Variants": []
        },
        {
            "ClassName": "BRTX_NVGs_BasicCamo109",
            "MaxPriceThreshold": 8000,
            "MinPriceThreshold": 8000,
            "SellPricePercent": 50,
            "MaxStockThreshold": 1,
            "MinStockThreshold": 1,
            "QuantityPercent": -1,
            "SpawnAttachments": [],
            "Variants": []
        },
        {
            "ClassName": "BRTX_NVGs_Camo109",
            "MaxPriceThreshold": 8000,
            "MinPriceThreshold": 8000,
            "SellPricePercent": 50,
            "MaxStockThreshold": 1,
            "MinStockThreshold": 1,
            "QuantityPercent": -1,
            "SpawnAttachments": [],
            "Variants": []
        },
        {
            "ClassName": "BRTX_CargoBelt_Camo109",
            "MaxPriceThreshold": 8000,
            "MinPriceThreshold": 8000,
            "SellPricePercent": 50,
            "MaxStockThreshold": 1,
            "MinStockThreshold": 1,
            "QuantityPercent": -1,
            "SpawnAttachments": [],
            "Variants": []
        },
        {
            "ClassName": "BRTX_AmmoPouch_Camo109",
            "MaxPriceThreshold": 8000,
            "MinPriceThreshold": 8000,
            "SellPricePercent": 50,
            "MaxStockThreshold": 1,
            "MinStockThreshold": 1,
            "QuantityPercent": -1,
            "SpawnAttachments": [],
            "Variants": []
        },
        {
            "ClassName": "BRTX_MedPouch_Camo109",
            "MaxPriceThreshold": 8000,
            "MinPriceThreshold": 8000,
            "SellPricePercent": 50,
            "MaxStockThreshold": 1,
            "MinStockThreshold": 1,
            "QuantityPercent": -1,
            "SpawnAttachments": [],
            "Variants": []
        },
        {
            "ClassName": "BRTX_Sheath_Camo109",
            "MaxPriceThreshold": 8000,
            "MinPriceThreshold": 8000,
            "SellPricePercent": 50,
            "MaxStockThreshold": 1,
            "MinStockThreshold": 1,
            "QuantityPercent": -1,
            "SpawnAttachments": [],
            "Variants": []
        }
    ]
}