{
    "m_Version": 12,
    "DisplayName": "MMG CAMO 167",
    "Icon": "Deliver",
    "Color": "FBFCFEFF",
    "IsExchange": 0,
    "InitStockPercent": 100.0,
    "Items": [
        {
            "ClassName": "BRTX_HeavyVest_Camo167",
            "MaxPriceThreshold": 8000,
            "MinPriceThreshold": 8000,
            "SellPricePercent": 50,
            "MaxStockThreshold": 1,
            "MinStockThreshold": 1,
            "QuantityPercent": -1,
            "SpawnAttachments": [],
            "Variants": []
        },
        {
            "ClassName": "BRTX_NVGs_Camo167",
            "MaxPriceThreshold": 8000,
            "MinPriceThreshold": 8000,
            "SellPricePercent": 50,
            "MaxStockThreshold": 1,
            "MinStockThreshold": 1,
            "QuantityPercent": -1,
            "SpawnAttachments": [],
            "Variants": []
        },
        {
            "ClassName": "BRTX_CargoBelt_Camo167",
            "MaxPriceThreshold": 8000,
            "MinPriceThreshold": 8000,
            "SellPricePercent": 50,
            "MaxStockThreshold": 1,
            "MinStockThreshold": 1,
            "QuantityPercent": -1,
            "SpawnAttachments": [],
            "Variants": []
        },
        {
            "ClassName": "BRTX_AmmoPouch_Camo167",
            "MaxPriceThreshold": 8000,
            "MinPriceThreshold": 8000,
            "SellPricePercent": 50,
            "MaxStockThreshold": 1,
            "MinStockThreshold": 1,
            "QuantityPercent": -1,
            "SpawnAttachments": [],
            "Variants": []
        },
        {
            "ClassName": "BRTX_MedPouch_Camo167",
            "MaxPriceThreshold": 8000,
            "MinPriceThreshold": 8000,
            "SellPricePercent": 50,
            "MaxStockThreshold": 1,
            "MinStockThreshold": 1,
            "QuantityPercent": -1,
            "SpawnAttachments": [],
            "Variants": []
        },
        {
            "ClassName": "BRTX_Sheath_Camo167",
            "MaxPriceThreshold": 8000,
            "MinPriceThreshold": 8000,
            "SellPricePercent": 50,
            "MaxStockThreshold": 1,
            "MinStockThreshold": 1,
            "QuantityPercent": -1,
            "SpawnAttachments": [],
            "Variants": []
        }
    ]
}